split,rows,bad_count,bad_rate,auc,ks,avg_pd,avg_score,top_1pct_bad_rate,top_1pct_bad_capture,top_1pct_lift,top_5pct_bad_rate,top_5pct_bad_capture,top_5pct_lift,top_10pct_bad_rate,top_10pct_bad_capture,top_10pct_lift,top_20pct_bad_rate,top_20pct_bad_capture,top_20pct_lift,score_psi_vs_development
development,184507,14895,0.0807286444416743,0.9133892043097365,0.660694214262472,0.08072864444167428,599.5453702240877,0.9355362946912242,0.11594494796911715,11.588653583389977,0.6813353566009105,0.42202081235313865,8.439821593847881,0.4988889491084494,0.617992614971467,6.1798256685567425,0.3244810579372392,0.803893924135616,4.019404266990681,0.0
final_holdout,61502,4965,0.08072908198107379,0.7959628715724328,0.4494301827065063,0.07871986242613371,599.7790639881299,0.5405844155844156,0.06706948640483383,6.696278494918979,0.3862158647594278,0.23927492447129908,4.784098311064316,0.3075922614209072,0.381067472306143,3.8101791061245986,0.23412730672303064,0.5800604229607251,2.9001606481530375,0.000582779262355323
validation,61502,4965,0.08072908198107379,0.7903870952906082,0.43946522664149873,0.07881595770047953,599.4294242137742,0.5405844155844156,0.06706948640483383,6.696278494918979,0.38719115734720416,0.23987915407854984,4.796179367405387,0.3166964721183547,0.39234642497482375,3.922953963388329,0.23307048207462808,0.5774420946626385,2.8870696452273465,0.0008069453764893038
